<?xml version="1.0" encoding="UTF-8"?>
<jasperReport xmlns="http://jasperreports.sourceforge.net/jasperreports" xmlns:xsi="http://www.w3.org/2001/XMLSchema-instance" xsi:schemaLocation="http://jasperreports.sourceforge.net/jasperreports http://jasperreports.sourceforge.net/xsd/jasperreport.xsd" name="studentreport" language="groovy" pageWidth="595" pageHeight="842" columnWidth="555" leftMargin="20" rightMargin="20" topMargin="20" bottomMargin="20" uuid="1f218474-4283-4271-93bd-06405b56b0ef">
	<property name="ireport.zoom" value="1.0"/>
	<property name="ireport.x" value="0"/>
	<property name="ireport.y" value="1"/>
	<style name="table">
		<box>
			<pen lineWidth="1.0" lineColor="#000000"/>
		</box>
	</style>
	<style name="table_TH" mode="Opaque" backcolor="#647DC9">
		<box>
			<pen lineWidth="0.5" lineColor="#000000"/>
		</box>
	</style>
	<style name="table_CH" mode="Opaque" backcolor="#CFD4E6">
		<box>
			<pen lineWidth="0.5" lineColor="#000000"/>
		</box>
	</style>
	<style name="table_TD" mode="Opaque" backcolor="#FFFFFF">
		<box>
			<pen lineWidth="0.5" lineColor="#000000"/>
		</box>
	</style>
	<subDataset name="Table Dataset 1" uuid="39fec522-702f-499a-9555-8609a77a992d"/>
	<background>
		<band/>
	</background>
	<title>
		<band height="72">
			<frame>
				<reportElement uuid="80b1a9f5-33f5-4897-887b-ba57a5a86113" mode="Opaque" x="-20" y="-20" width="595" height="92" backcolor="#006699"/>
				<staticText>
					<reportElement uuid="a5e416f2-97ea-412c-8639-64c246cbd82a" x="20" y="20" width="515" height="43" forecolor="#FFFFFF"/>
					<textElement textAlignment="Center">
						<font size="34" isBold="true"/>
					</textElement>
					<text><![CDATA[PERFORMANCE REPORT]]></text>
				</staticText>
			</frame>
		</band>
	</title>
	<pageHeader>
		<band height="239">
			<staticText>
				<reportElement uuid="ce85dcd4-df30-47b4-bea8-0df993acef13" x="50" y="51" width="172" height="32" forecolor="#666666"/>
				<textElement textAlignment="Center">
					<font size="14" isBold="true"/>
				</textElement>
				<text><![CDATA[RFID :]]></text>
			</staticText>
			<textField>
				<reportElement uuid="3ee0c30b-b875-4de8-a801-58421933eb90" x="222" y="51" width="250" height="32"/>
				<textElement>
					<font size="14" isBold="true"/>
				</textElement>
				<textFieldExpression><![CDATA[$P{rfid}]]></textFieldExpression>
			</textField>
			<staticText>
				<reportElement uuid="ce85dcd4-df30-47b4-bea8-0df993acef13" x="50" y="83" width="172" height="32" forecolor="#666666"/>
				<textElement textAlignment="Center">
					<font size="14" isBold="true"/>
				</textElement>
				<text><![CDATA[Name :]]></text>
			</staticText>
			<textField>
				<reportElement uuid="3ee0c30b-b875-4de8-a801-58421933eb90" x="222" y="83" width="250" height="32"/>
				<textElement>
					<font size="14" isBold="true"/>
				</textElement>
				<textFieldExpression><![CDATA[$P{name}]]></textFieldExpression>
			</textField>
			<staticText>
				<reportElement uuid="ce85dcd4-df30-47b4-bea8-0df993acef13" x="50" y="115" width="172" height="32" forecolor="#666666"/>
				<textElement textAlignment="Center">
					<font size="14" isBold="true"/>
				</textElement>
				<text><![CDATA[Department :]]></text>
			</staticText>
			<textField>
				<reportElement uuid="3ee0c30b-b875-4de8-a801-58421933eb90" x="222" y="115" width="250" height="32"/>
				<textElement>
					<font size="14" isBold="true"/>
				</textElement>
				<textFieldExpression><![CDATA[$P{dept}]]></textFieldExpression>
			</textField>
			<staticText>
				<reportElement uuid="ce85dcd4-df30-47b4-bea8-0df993acef13" x="50" y="147" width="172" height="32" forecolor="#666666"/>
				<textElement textAlignment="Center">
					<font size="14" isBold="true"/>
				</textElement>
				<text><![CDATA[Semester :]]></text>
			</staticText>
			<textField>
				<reportElement uuid="3ee0c30b-b875-4de8-a801-58421933eb90" x="222" y="146" width="250" height="32"/>
				<textElement>
					<font size="14" isBold="true"/>
				</textElement>
				<textFieldExpression><![CDATA[$P{sem}]]></textFieldExpression>
			</textField>
			<staticText>
				<reportElement uuid="ef07eab0-7578-4a12-ac22-c2cc0544e3f4" x="50" y="179" width="172" height="31" forecolor="#666666"/>
				<textElement textAlignment="Center">
					<font size="14" isBold="true"/>
				</textElement>
				<text><![CDATA[Batch :]]></text>
			</staticText>
			<textField>
				<reportElement uuid="a45d77f8-cfe4-467e-831f-61bddb1418be" x="222" y="179" width="250" height="31"/>
				<textElement>
					<font size="14" isBold="true"/>
				</textElement>
				<textFieldExpression><![CDATA[$P{batch}]]></textFieldExpression>
			</textField>
			<staticText>
				<reportElement uuid="df582af2-371b-4645-ae53-6aa53e61ade1" mode="Opaque" x="50" y="19" width="183" height="20" forecolor="#006699" backcolor="#E6E6E6"/>
				<textElement textAlignment="Center">
					<font size="14" isBold="true"/>
				</textElement>
				<text><![CDATA[Student Details ]]></text>
			</staticText>
		</band>
	</pageHeader>
	<columnHeader>
		<band height="49">
			<line>
				<reportElement uuid="ad1a10cf-c16c-4310-8e37-6b4762621ec7" x="-20" y="20" width="595" height="1" forecolor="#666666"/>
			</line>
			<staticText>
				<reportElement uuid="bcd85f5d-8124-40e4-91bd-39a38a763c3a" x="50" y="29" width="176" height="20"/>
				<textElement textAlignment="Center">
					<font size="14" isBold="true"/>
				</textElement>
				<text><![CDATA[Course Name]]></text>
			</staticText>
			<staticText>
				<reportElement uuid="d2c491bb-5825-4e99-a171-7aa9d20af25e" x="245" y="29" width="227" height="20"/>
				<textElement textAlignment="Center">
					<font size="14" isBold="true"/>
				</textElement>
				<text><![CDATA[Marks Obtained]]></text>
			</staticText>
		</band>
	</columnHeader>
	<detail>
		<band height="113">
			<line>
				<reportElement uuid="b095a8c6-0d99-4018-a0e3-0271bcf8459a" positionType="FixRelativeToBottom" x="0" y="19" width="555" height="1"/>
			</line>
			<textField>
				<reportElement uuid="84459623-1075-4712-84a0-853ef616e411" x="50" y="57" width="176" height="20"/>
				<textElement>
					<font size="12" isBold="true"/>
				</textElement>
				<textFieldExpression><![CDATA[$P{course}]]></textFieldExpression>
			</textField>
			<textField>
				<reportElement uuid="5d99ae28-2ed3-4f41-85c1-3f939ca635aa" x="245" y="57" width="115" height="20"/>
				<textElement>
					<font size="12" isBold="true"/>
				</textElement>
				<textFieldExpression><![CDATA[$P{marks}]]></textFieldExpression>
			</textField>
		</band>
	</detail>
	<columnFooter>
		<band/>
	</columnFooter>
	<pageFooter>
		<band height="17">
			<textField>
				<reportElement uuid="46b0ad2a-8088-4469-90ec-8b02c1933341" mode="Opaque" x="0" y="4" width="515" height="13" backcolor="#E6E6E6"/>
				<textElement textAlignment="Right"/>
				<textFieldExpression><![CDATA["Page "+$V{PAGE_NUMBER}+" of"]]></textFieldExpression>
			</textField>
			<textField evaluationTime="Report">
				<reportElement uuid="a427348d-cde9-440b-b642-e8263d3c312d" mode="Opaque" x="515" y="4" width="40" height="13" backcolor="#E6E6E6"/>
				<textElement/>
				<textFieldExpression><![CDATA[" " + $V{PAGE_NUMBER}]]></textFieldExpression>
			</textField>
			<textField pattern="EEEEE dd MMMMM yyyy">
				<reportElement uuid="5b96a57b-d030-4b3f-83e8-2c5f0932257e" x="0" y="4" width="100" height="13"/>
				<textElement/>
				<textFieldExpression><![CDATA[new java.util.Date()]]></textFieldExpression>
			</textField>
		</band>
	</pageFooter>
	<summary>
		<band/>
	</summary>
</jasperReport>
