<?xml version="1.0" encoding="UTF-8"?>
<jasperReport xmlns="http://jasperreports.sourceforge.net/jasperreports" xmlns:xsi="http://www.w3.org/2001/XMLSchema-instance" xsi:schemaLocation="http://jasperreports.sourceforge.net/jasperreports http://jasperreports.sourceforge.net/xsd/jasperreport.xsd" name="DataSourceReport" pageWidth="595" pageHeight="842" columnWidth="515" leftMargin="40" rightMargin="40" topMargin="50" bottomMargin="50" whenNoDataType="AllSectionsNoDetail">
	<parameter name="rfid" class="java.lang.String"></parameter>
        <parameter name="name" class="java.lang.String"></parameter>
        <parameter name="sem" class="java.lang.String"></parameter>
        <parameter name="dept" class="java.lang.String"></parameter>
        <parameter name="batch" class="java.lang.String"></parameter>
	<field name="course" class="java.lang.String"></field>
        <field name="mark" class="java.lang.String"></field>
	<title>
		<band height="79" >
			<staticText>
				<reportElement x="56" y="22" width="463" height="57" forecolor="#000099"/>
				<textElement textAlignment="Center">
					<font size="24" isBold="true"/>
				</textElement>
				<text><![CDATA[PERFORMANCE REPORT]]></text>
			</staticText>
		</band>
	</title>
	<pageHeader>
		<band height="190" >
			<textField>
				<reportElement x="252" y="105" width="250" height="32"/>
				<textElement>
					<font size="14" isBold="true"/>
				</textElement>
				<textFieldExpression><![CDATA[$P{sem}]]></textFieldExpression>
			</textField>
			<textField>
				<reportElement x="252" y="74" width="250" height="32"/>
				<textElement>
					<font size="14" isBold="true"/>
				</textElement>
				<textFieldExpression><![CDATA[$P{dept}]]></textFieldExpression>
			</textField>
			<staticText>
				<reportElement x="80" y="106" width="172" height="32" forecolor="#666666"/>
				<textElement textAlignment="Center">
					<font size="14" isBold="true"/>
				</textElement>
				<text><![CDATA[Semester :]]></text>
			</staticText>
			<textField>
				<reportElement x="252" y="138" width="250" height="31"/>
				<textElement>
					<font size="14" isBold="true"/>
				</textElement>
				<textFieldExpression><![CDATA[$P{batch}]]></textFieldExpression>
			</textField>
			<staticText>
				<reportElement x="80" y="138" width="172" height="31" forecolor="#666666"/>
				<textElement textAlignment="Center">
					<font size="14" isBold="true"/>
				</textElement>
				<text><![CDATA[Batch :]]></text>
			</staticText>
			<staticText>
				<reportElement x="80" y="74" width="172" height="32" forecolor="#666666"/>
				<textElement textAlignment="Center">
					<font size="14" isBold="true"/>
				</textElement>
				<text><![CDATA[Department :]]></text>
			</staticText>
			<staticText>
				<reportElement x="80" y="42" width="172" height="32" forecolor="#666666"/>
				<textElement textAlignment="Center">
					<font size="14" isBold="true"/>
				</textElement>
				<text><![CDATA[Name :]]></text>
			</staticText>
			<textField>
				<reportElement x="252" y="10" width="250" height="32"/>
				<textElement>
					<font size="14" isBold="true"/>
				</textElement>
				<textFieldExpression><![CDATA[$P{rfid}]]></textFieldExpression>
			</textField>
			<staticText>
				<reportElement x="80" y="10" width="172" height="32" forecolor="#666666"/>
				<textElement textAlignment="Center">
					<font size="14" isBold="true"/>
				</textElement>
				<text><![CDATA[RFID :]]></text>
			</staticText>
			<textField>
				<reportElement x="252" y="42" width="250" height="32"/>
				<textElement>
					<font size="14" isBold="true"/>
				</textElement>
				<textFieldExpression><![CDATA[$P{name}]]></textFieldExpression>
			</textField>
		</band>
	</pageHeader>
	<columnHeader>
		<band height="39" >
			<staticText>
				<reportElement x="56" y="9" width="176" height="20"/>
				<textElement textAlignment="Center">
					<font size="14" isBold="true"/>
				</textElement>
				<text><![CDATA[Course Name]]></text>
			</staticText>
			<staticText>
				<reportElement x="251" y="9" width="227" height="20"/>
				<textElement textAlignment="Center">
					<font size="14" isBold="true"/>
				</textElement>
				<text><![CDATA[Marks Obtained]]></text>
			</staticText>
		</band>
	</columnHeader>
	<detail>
		<band height="125" >
			<textField>
				<reportElement x="56" y="16" width="176" height="20"/>
				<textElement>
					<font size="12" isBold="true"/>
				</textElement>
				<textFieldExpression class="java.lang.String"><![CDATA[$F{course}]]></textFieldExpression>
			</textField>
			<textField>
				<reportElement x="252" y="16" width="153" height="20"/>
				<textElement>
					<font size="12" isBold="true"/>
				</textElement>
				<textFieldExpression class="java.lang.String"><![CDATA[$F{mark}]]></textFieldExpression>
			</textField>
		</band>
	</detail>
	<columnFooter>
		<band height="45" />
	</columnFooter>
	<pageFooter>
		<band height="54" />
	</pageFooter>
	<summary>
		<band height="42" />
	</summary>
</jasperReport>
